report_date,currency,current_assets,cash_and_equivalents,inventory,current_investments,trade_and_non_trade_receivables,non_current_assets,goodwill_and_intangible_assets,investments,non_current_investments,outstanding_shares,tax_assets,current_liabilities,current_debt,trade_and_non_trade_payables,deferred_revenue,deposit_liabilities,non_current_liabilities,non_current_debt,tax_liabilities,shareholders_equity,retained_earnings,accumulated_other_comprehensive_income,accounts_receivable,prepayments,other_receivables,fixed_assets_net,construction_in_progress,capital_reserve,minority_interest
2025-09-30,CNY,256587161700.86,51753057846.45,55858862716.48,,5235061677.5,48151023229.0,,,4035935007.45,1256197800.0,5811949314.43,38763379268.53,,2822271882.72,7749027043.43,14473441763.35,269780788.48,,64664514.62,265705024872.85,210875009053.38,-1055242.36,25531737.62,21229757.91,,,,1374964415.72,8635060486.62
2025-06-30,CNY,245478396729.47,51644880716.93,54971731959.6,,2853742406.19,46779392366.04,,,4030736998.87,1256197800.0,5653654187.71,42842853450.65,,2952131468.88,5506895535.57,20634003830.54,279349382.11,,66154730.27,249135586262.75003,191651224639.3,778673.26,37961242.39,21504666.27,49933643.11,21759402821.17,2762214966.85,1374964415.72,10489049872.27
2025-03-31,CNY,266506714239.54,52199240419.27,54798455069.13,,2142658699.29,45861983155.51,,,4029631969.17,1256197800.0,5161058373.53,43870177560.85,,3744537818.44,8788014142.36,15104929268.86,308184663.81,,66555097.25,268190335170.39,209634889443.81,-6635743.01,15199312.09,42883171.93,,,,1374964415.72,9832492493.98
2024-12-31,CNY,251726674636.66,59295822956.89,54343285157.47,248513280.0,2003382160.25,47217905282.04,,,4028978995.56,1256197800.0,5520006868.83,56515990618.96,,3514969230.31,9592453014.66,23102858820.97,417274179.14,,103367763.38,242011315120.6,182787415205.05,-9916224.69,18974192.75,26975033.2,29955673.47,21872513963.94,2149619937.05,1374964415.72,8905330721.13
2024-09-30,CNY,238419577361.93,60084745614.27,48224880009.62,200794360.04,1159177839.24,48351145595.76,,,4012020573.23,1256197800.0,5907973419.43,38723890549.12,,2652185045.16,9930767399.77,12434986061.3,358668170.4,,74818111.11,247688164238.17,192903581645.12997,-6367180.37,10131702.74,41754330.78,,,,1374964415.72,9978709237.89
2024-06-30,CNY,232257040097.43,56840349530.82,47766478732.37,3828563887.2,333100721.12,46950221069.2,,,4007580676.1,1256197800.0,4974111884.41,50806881664.47,,3291376926.17,9993058770.3,23537809237.19,355569852.88,,78156556.52,228044809649.28,173771640509.99002,-8272445.37,1358595.12,24307098.82,53598474.17,19833577460.59,2560368563.58,1374964415.72,9469201049.14
2024-03-31,CNY,237376996384.72,74197126391.43,46852227606.93,3812337429.4,213804940.68,48147546883.66,,,4004528610.65,1256197800.0,4477172963.01,36626674015.39,,4022842219.54,9523298229.75,8381544929.17,361100702.46,,80835441.75,248536768550.53,197048440674.24,-8109798.54,73124662.68,41204652.37,,,,1374964415.72,8804982639.98
2023-12-31,CNY,225172517821.28,69070136376.12,46435185061.53,400712059.93,74306850.41,47527142270.97,,,4002439902.57,1256197800.0,4645887425.1,48697611501.2,,3093091103.67,14125755802.29,12034492909.95,345579296.23,,78943062.19,223656469294.82,172983178300.09,-6061727.51,60373410.41,34585111.79,27502107.3,19910347872.77,2137464700.45,1374964415.72,7987897687.39
2023-09-30,CNY,218472857114.40997,70641010014.72,40990482220.34,3509435832.66,131214179.87,43603567657.06,,,4000854035.28,1256197800.0,4856537546.63,36663921439.78,,2152491940.59,11394683919.51,9525569802.49,393703572.28,,80437576.49,225018799759.40997,180127033586.31003,-9069167.81,131214179.87,110592961.98,,,,1374964415.72,7210174912.11
2023-06-30,CNY,203032616169.81,70521275705.21,40868431223.7,199920239.27,32571319.28,38571647846.53,,,,1256197800.0,4095357224.39,31955320013.26,,1982340479.67,7334210269.62,9293750788.21,401463911.12,,83899880.73,209247480091.96,163231231612.96,-5778072.71,32571319.28,102384498.68,60372027.65,19244237197.88,2678616338.35,1374964415.72,8331366122.91
2023-03-31,CNY,218200387403.57,72450733950.67,40052820428.01,,58410415.9,40190395418.48,,,,1256197800.0,3473325563.84,31428606894.51,,2640205442.62,8329985210.52,7862986875.33,498601724.91,,162628090.99,226463574202.63,182072885561.65,-10009598.72,58410415.9,94506059.17,,,,1374964415.72,8187882900.01
2022-12-31,CNY,216611435672.92,58274318733.23,38824374236.24,,126390356.0,37889390423.1,,,,1256197800.0,3594952468.88,49065668798.38,,2408371053.69,15471920924.98,12874043355.42,497076033.78,,162628090.99,204938081263.86,161278002807.1,-10776907.33,20937144.0,897377162.27,31818622.84,19743689764.66,2208329892.95,1374964415.72,7458040024.4
2022-09-30,CNY,210606787131.83,58145037381.83,35182574913.05,,146055376.0,37150136730.52,,,,1256197800.0,3702826077.46,34000827381.28,,1500490729.31,11836515742.88,8406666140.36,309520471.22,,,213446576009.85,172057305617.22,-15339956.22,,546162999.1,,,,1374964415.72,6737801019.47
2022-06-30,CNY,203518842998.23,58048264720.81,34906101709.69,,144183432.0,36330336965.2,,,,1256197800.0,3134613141.01,41131791086.98,,1555767088.71,9668589214.53,16749482509.06,260938913.99,,,198456449962.46,157451398111.51,-15146302.86,,268037533.68,49020543.73,17495561101.39,2667815186.08,1374964415.72,6353388824.43
2022-03-31,CNY,215797309125.98,56375875091.88,33778534318.57,,,35504582259.5,,,,1256197800.0,2327791967.79,36106533211.54,,1592451387.69,8321990419.89,11915312689.06,287081724.16,,,214908276449.78,177961830507.51,-14364282.14,,262917137.82,,,,1374964415.72,8125285466.53
2021-12-31,CNY,220765692846.31003,51810243607.11,33394365084.83,,,34402502313.59,,,,1256197800.0,2237206443.84,57914222254.82,,2009832495.56,12718465288.02,21763575647.32,296466199.74,,,196957506705.34,160716861920.19,-13017880.78,,389109841.28,33158974.32,17473240399.65,2321988541.82,1374964415.72,7418137908.05
2021-09-30,CNY,192577234676.12,50701984661.77,30392108629.88,,540123567.0,32125019265.01,,,7585326.62,1256197800.0,1377944531.0,43447344284.5,,1089137385.3,9136768802.31,21816256109.47,439969303.27,,896331.66,180814940353.36,146497322942.84998,-10015467.41,,1014455370.03,,,,1374964415.72,6466539360.89
2021-06-30,CNY,181850571719.48,54197716644.16,30655211082.53,,1232534494.02,31017965103.19,,,7585326.62,1256197800.0,1235106874.94,44877251117.2,,1388495809.35,9244138850.7,23635572295.09,427193974.0,,896331.66,167564091731.47,133885134334.46,-8457649.22,,930072204.0,48555742.49,17025787801.91,2346809463.96,1374964415.72,5826321529.2
2021-03-31,CNY,185849588402.37,50743255374.4,29613715889.56,,1185663371.39,29368597582.24,,,7616173.84,1256197800.0,1152449829.92,32328848499.1,,1358925268.32,5340569221.03,15184654467.98,399569719.93,,904043.46,182489767765.58,151548865893.6,-8276739.07,,1010832886.1,,,,1374964415.72,7215515963.73
2020-12-31,CNY,185652154956.94,36091090060.9,28869087678.06,,1532728979.67,27743655570.52,,,9830052.91,1256197800.0,1123225086.37,45673669912.95,,1342267668.12,13321549147.69,14241859949.77,1457513.23,,1457513.23,167720683101.28,137594403807.99,-5331367.75,,898436259.15,34488582.19,16226150064.09,2447444843.03,1374964415.72,6397948013.72
2020-09-30,CNY,157489286162.46,27075309623.01,26980463650.51,,1935655554.35,27089910488.34,,,11249747.62,1256197800.0,905342853.01,30405726088.5,,1143857753.43,9410595312.38,10426882742.77,1812436.91,,1812436.91,154171658125.39,124769024314.26,-5627561.16,,1116780155.2,,,,1374964415.72,5719400699.83
2020-06-30,CNY,144835133749.26,25452397286.65,26294649615.03,,1178468013.41,27362741416.32,,,327087521.88,1256197800.0,1038298649.16,29605465608.97,,969903250.02,9463614701.94,9666161322.28,74521880.47,,74521880.47,142517887676.14,113543575438.55,-5902217.46,,932133598.25,70837732.7,14873981182.15,3203369158.83,1374964415.72,5291353782.59
2020-03-31,CNY,157924872304.76,19682973020.9,25272045240.0,,1344593687.52,23699861577.51,,,316993681.77,1256197800.0,704924914.88,25817912405.47,,1110094545.22,6908882423.71,8042687463.48,71998420.44,,71998420.44,155734823056.36,128986107618.55,-7254981.32,,1403564768.08,,,,1374964415.72,6630759229.62
2019-12-31,CNY,159024472009.08,13251817237.85,25284920806.33,,1463000645.08,24017900033.42,,,319770404.05,1256197800.0,1099946947.57,41093299212.84,,1513676611.44,,11048756010.02,72692601.01,,72692601.01,141876380228.65,115892337407.39,-7198721.79,,1549477339.41,76540490.99,15145249942.99,2518938271.72,1374964415.72,5866030353.54
2019-09-30,CNY,139949148533.9,112728862159.17,23755484740.84,,858679506.62,22601260640.53,,,224782500.0,1256197800.0,1118562183.05,31679418410.1,,1195674032.29,,10696027811.5,48945625.0,,48945625.0,130822045139.33,105437935359.91,-7716354.56,,2060529773.12,,,,1374964415.72,5563828525.98
2019-06-30,CNY,142545945754.47,115557859884.77,24014000582.14,,709663924.7,22575703223.26,,,339698879.36,1256197800.0,1056025881.56,45437198103.53,,1326081951.16,,23566122679.15,77674719.84,,77674719.84,119606776154.36,94934105583.69,-7209553.68,,1419684643.15,48101255.92,15015850223.53,2507842945.71,1374964415.72,4851882516.35
2019-03-31,CNY,137873999999.82,111684417477.61,24025118303.24,29000000.0,519774895.0,22014176447.46,,,,1256197800.0,802475235.56,30566115048.51,,1174011470.28,,11264653262.41,0.0,,,129322061398.77,107203375298.64,-9213360.8,,1141217461.93,,,,1374964415.72,5264213356.74
2018-12-31,CNY,137861835307.57,112074791420.06,23506950842.22,,563739710.0,21984839428.44,,,,1256197800.0,1049294821.45,42438186813.48,,1178296416.59,,11473011885.36,0.0,,,117408487922.53,95981943953.56,-7065725.7,,1182378508.06,50954790.7,15250588540.31,1954322968.68,1374964415.72,4569923590.48
2018-09-30,CNY,124830898967.33,100750857255.34,21862256652.91,,620590547.0,22316773408.83,,,,1256197800.0,1442247963.4,40975040327.23,,922724284.83,,18692496142.26,15570000.0,,,106157062048.93,85846187413.81,-5928801.14,,1121079958.81,,,2351418276.53,1374964415.72,3787433335.21
2018-06-30,CNY,107738904150.33,83660170568.71,22087351503.61,,690294516.9,22175928347.88,,,,1256197800.0,1216138278.14,33394787927.63,,1168934463.4,,12995734959.46,15570000.0,,,96504474570.58,76876820476.14,-8513766.42,,818855540.6,68065410.06,14908729025.66,2320642541.01,1374964415.72,3106797759.81
2018-03-31,CNY,111781386018.61,87211373700.73,22026303941.34,,798746524.9,22623555929.69,,,,1256197800.0,1399765939.06,29239690792.92,,1020239721.89,,8652639417.43,15570000.0,,,105149681155.38,88518214128.53,-7883649.39,,756802769.07,41794738.23,,2377082563.95,1374964415.72,5191733721.21
2017-12-31,CNY,112249185961.6,87868869913.34,22057481376.46,,1221706039.0,22360930913.48,,,,1256197800.0,1401797361.77,38574919400.0,,992055910.47,,10462613754.14,15570000.0,,,96019627475.08,80011307450.33,-7401576.4,,790807322.07,31323463.35,15246128587.31,2016405005.77,1374964415.72,4568104646.12
2017-09-30,CNY,104803294790.2,80964678997.12,20871002103.49,,1829625354.0,22976741343.0,,,,1256197800.0,2019358117.12,39383620859.07,,1087911405.19,,11898647918.15,15570000.0,,,88380845274.13,73279053245.52,-7229608.16,,801295419.17,58475466.27,,2393782465.27,1374964415.72,4024663748.57
2017-06-30,CNY,97397790192.99,73635347053.15,20850310407.04,,1698067207.28,22984949774.96,,,,1256197800.0,1835447883.46,41303919297.49,,1064431609.18,,8789158186.18,15570000.0,,,79063250670.46,64546067191.13,-7793841.05,,984578688.42,48447614.91,15037647769.32,2191037165.14,1374964415.72,3440619432.18
2017-03-31,CNY,95889423066.32,72708333794.74,20760473514.6,,1176901568.28,23089295953.76,,,,1256197800.0,1845145948.68,36509261704.5,,1061686903.5,,10545428091.11,15570000.0,,,82453887315.58,68840927360.74,-10729839.77,,861069103.01,121467406.43,,2082556665.81,1374964415.72,3436119206.41
2016-12-31,CNY,90180548805.57,66854962118.22,20622251825.55,,817627172.0,22753989474.84,,,,1256197800.0,1745539120.68,37020425425.69,,1040608203.18,,10778818332.13,15570000.0,,,75898542854.72,62717808036.61,-11240841.56,,1046100696.92,77227565.37,14455209394.63,2745579995.68,1374964415.72,3004405071.47
2016-09-30,CNY,83502886329.66,61999742903.47,18782523499.96,,1146640784.3,21643145955.47,,,,1256197800.0,901987637.61,33846958824.06,,196762048.32,,12481118464.52,15570000.0,,,71283503461.07,58719244464.7,-9828907.23,8502001.2,1323120682.97,125415641.23,,5549022900.41,1374964415.72,2640738713.51
2016-06-30,CNY,73953467032.62,47528057097.45,18444926424.66,,6562529133.44,21593032140.22,,,,1256197800.0,895245348.82,28177767489.46,,287201701.54,,7679691671.95,15570000.0,,,67353161683.38,55056303838.58,-10741866.18,1044639.8,1281379954.61,56402587.5,11359829951.26,5372267342.32,1374964415.72,2374250520.89
2016-03-31,CNY,69113796117.44,43775736151.7,18537817778.2,,4678349675.35,21576653404.44,,,,1256197800.0,887280412.58,19733620532.26,,527287333.6,,6958646012.01,15570000.0,,,70941258989.62,59768236093.09,-9516873.08,230768.89,1523446788.56,64872644.27,,5277866268.5,1374964415.72,2122491752.92
2015-12-31,CNY,65004514023.59,36800749895.06,18013297022.7,,8579166175.71,21296949399.18,,,,1256197800.0,1155336074.14,20051723001.48,,880976072.09,,5967622299.13,15570000.0,,,66234170421.29,54878964497.77,-13034075.47,230768.89,1477734859.9,48219018.75,11418001510.37,4895150716.51,1374964415.72,2308191982.3
2015-09-30,CNY,57297442072.05,30536117619.71,16381165059.87,,8295226735.06,20261592117.09,,,,1256197800.0,767938421.36,15622421631.06,,316757090.78,,6366438656.43,17770000.0,,,61918842558.08,51845696029.08,-12472326.27,3824472.83,1888387087.94,59819918.3,,4746332449.54,1374964415.72,2070754902.56
2015-06-30,CNY,53239969447.1,30236504717.38,16284072631.22,,3955241181.48,19097774757.83,,,,1141998000.0,548714031.45,8658192015.39,,563904100.66,,3048959262.23,17770000.0,,,63661782189.54,53418589613.54,-14908204.18,366443.99,2556244726.21,71376458.32,10378544650.68,4446804735.3,1374964415.72,2357436627.47
2015-03-31,CNY,50453374101.9,28420683403.89,15619209608.46,,2808617767.45,18315646536.52,,,,1141998000.0,743599436.94,8821102511.46,,280348676.61,,2834497983.33,17770000.0,,,59930148126.96,49930959058.26,-10342175.05,491086.99,3399221186.74,88011586.52,,3480877159.56,1374964415.72,2144567091.04
2014-12-31,CNY,47570929074.32,27710717680.21,14982364367.85,,1852144779.07,18302236150.31,,,,1141998000.0,821601105.71,10543844383.51,62552484.0,707534647.54,,3956450709.19,17770000.0,,,55311550841.12,45566057337.37,-619043.99,4306161.24,2864210404.28,80888920.58,10377830631.23,3421774448.02,1374964415.72,1881148395.03
2014-09-30,CNY,41990759893.73,22795906975.31,13454959038.03,,1161028764.09,16660795222.92,,2750000.0,,1141998000.0,950518493.66,8292456545.14,,254046624.27,,4078254492.39,17770000.0,,,50341328571.51,40918438890.05,,2220278.99,4397548540.99,145347841.7,,3051662444.08,1374964415.72,1600778530.95
2014-06-30,CNY,38638356940.88,21095077301.21,13240654522.65,,301912861.09,16579774564.63,,6750000.0,,1141998000.0,960373469.91,8576184624.29,,300447845.04,,4150021014.36,17770000.0,,,46624176881.22,37454963518.71,,2220278.99,3864638855.5,95846344.88,8919935257.44,2921492322.62,1374964415.72,1347102212.0
2014-03-31,CNY,40446017445.1,23364071644.09,12697658854.74,,289923057.79,15583608259.01,,6750000.0,,1038180000.0,804831808.56,8558284059.48,,179958598.31,,2470841255.14,17770000.0,,,47453571644.63,39640361782.25,,2676414.79,3882463942.29,141988112.85,,2241975574.71,1374964415.72,1165965233.21
2013-12-31,CNY,41931583434.23,25185009331.68,11836810239.03,,297011227.79,13522567242.82,,4000000.0,,1038180000.0,825372524.65,11307288403.79,,284748288.89,,2773189099.54,17770000.0,,,44129092273.26,35974971858.64,,927222.79,4304579299.68,119574188.82,8525439519.98,456328292.13,1374964415.72,1506875785.45
2013-09-30,CNY,39840847167.61,22011372945.09,10686189842.1,,197199884.79,9433590713.1,,4000000.0,,1038180000.0,627749883.44,9436300178.52,,295246227.42,,3212830935.14,17770000.0,,,39820367702.19,31915957705.96,,927270.79,6514401257.13,140614152.96,,508298207.0,1374964415.72,1269596474.58
2013-06-30,CNY,34682977069.9,18274962102.51,10339021451.72,,160079131.79,8937733311.79,,4000000.0,,1038180000.0,302817568.36,7823833198.17,,154945158.11,,3222131230.17,17770000.0,,,35779107183.52,28098707911.97,,927222.79,5560921770.11,110283776.33,7049189584.32,500633130.52,1374964415.72,1045585749.9
2013-03-31,CNY,36856097770.57,21735234696.97,10085273971.49,,72114818.17,9046122215.52,,4000000.0,,1038180000.0,567395099.31,7288816930.67,,228373243.58,,,17770000.0,,,38595633055.42,32293173381.17,,1344597.39,4682606669.5,111065467.06,,477739596.65,1374964415.72,852880798.07
2012-12-31,CNY,36225076613.88,22061999850.17,9665727593.42,,221897265.07,8773132339.58,,4000000.0,,1038180000.0,643656913.32,9526402556.21,,345280977.68,,,17770000.0,,,35454036397.25,28700075247.5,,17818147.27,3872870407.89,137968684.11,6809522456.99,392672323.95,1374964415.72,1304382273.57
2012-09-30,CNY,31485892751.19,18690032974.06,7887354887.06,,350383265.24,7348983711.52,,4000000.0,,1038180000.0,282149572.67,6825540993.93,,192020463.82,,,17770000.0,,,31991565468.78,25807560553.65,,1853461.74,3967252707.78,324914133.94,,357930180.56,1374964415.72,732181741.11
2012-06-30,CNY,32424279454.54,20981859110.76,7773834492.67,,223497649.24,7287172510.82,,4000000.0,,1038180000.0,381631064.63,11288906731.73,,177403043.46,,,17770000.0,,,28404775233.63,22385472933.19,,1985526.74,3010108854.59,221192977.42,5700887015.56,331098306.48,1374964415.72,567479126.42
2012-03-31,CNY,29232627192.33,18851427038.66,7578019306.96,,233555406.58,7174957543.27,,4000000.0,,1038180000.0,478727366.87,7859194333.57,,227653182.72,,,17770000.0,,,28530620402.03,22906334977.69,,2056894.08,2326144239.71,88895233.0,,316656062.34,1374964415.72,570224635.27
2011-12-31,CNY,27829632180.43,18254690162.04,7187117552.86,,254326792.56,7071236794.98,,4000000.0,,1038180000.0,502628950.53,9480719364.12,,172343585.06,,,16770000.0,,,25403379611.29,19937119181.96,,2225396.48,1861027424.03,47287488.89,5428202706.54,251446326.43,1374964415.72,412199640.26
2011-09-30,CNY,26986665072.7,18288326258.07,6232185752.04,,298969960.76,5907593182.63,,4000000.0,,1038180000.0,356389121.9,9790958139.05,,256736972.69,,,19530000.0,,,23083770116.28,18177119652.08,,2119216.68,1911544400.13,79529417.68,,293041026.48,1374964415.72,286651411.26
2011-06-30,CNY,25469484324.53,17291687378.52,5915613288.33,,218783830.55,5450664776.9,,4000000.0,,943800000.0,284320662.58,9355663214.28,,103561187.98,,,19530000.0,,,21544955887.15,16609592149.39,,2298535.27,1861395541.03,54398087.07,4270778960.59,341962470.41,1374964415.72,409744684.82
2011-03-31,CNY,23756789428.89,15998489422.76,5831734652.08,,176865905.6,5404910754.68,,4000000.0,,943800000.0,310887789.67,8611019159.31,,105625766.65,,,10000000.0,,,20540681024.26,15787250430.54,,997308.9,1609203876.23,101048054.41,,312224946.49,1374964415.72,257911988.53
2010-12-31,CNY,20300284828.31,12888393889.29,5574126083.42,,206065701.11,5287295112.38,,4000000.0,,943800000.0,278437938.97,7028190246.07,,232013104.28,,,10000000.0,,,18549389694.62,13903255455.61,,1254599.91,1529868837.52,59101891.63,4194049479.94,263458445.1,1374964415.72,150615633.82
2010-09-30,CNY,17955706671.4,11026669577.42,4791428914.66,,299167036.34,4854322092.24,,4000000.0,,943800000.0,257933326.35,5078258570.2,,141223975.25,,,10000000.0,,,17721770193.44,13500031622.98,,28003199.84,1696132652.81,65611949.08,,267427752.29,1374964415.72,200016357.64
2010-06-30,CNY,16583306141.05,10268861587.44,4495328930.58,,208610766.83,4750522574.48,,4000000.0,,943800000.0,166372214.52,4586615419.31,,86036869.11,,,10000000.0,,,16737213296.22,12425614934.95,,28759555.53,1491650205.12,69410894.24,3733432728.71,277632965.17,1374964415.72,289876148.45
2010-03-31,CNY,16206601570.33,9980435183.57,4350958976.03,,333226465.48,4223497907.46,,4000000.0,,943800000.0,197205662.94,4424151285.77,,68881978.82,,,10000000.0,,,15995948192.02,11827214855.1,,31070214.28,1450038504.22,91758741.03,,270471465.02,1374964415.72,264302773.8
2009-12-31,CNY,15655585363.39,9743152155.24,4192246440.36,,402146597.48,4114037784.33,,4000000.0,,943800000.0,225420802.14,5108057753.51,,139121352.45,,,10000000.0,,,14651565394.21,10561552279.69,,21386314.28,1203126087.16,96001483.15,3170934980.88,193956334.39,1374964415.72,185582551.4
2009-09-30,CNY,12844858380.95,7895280562.8,3405325024.77,,317511735.25,3893081948.35,,4000000.0,,943800000.0,101887756.67,2512260598.27,,88587110.96,,,10000000.0,,,14215679731.03,10277532334.97,,41565282.45,1140280815.69,84784967.44,,811284321.64,1374964415.72,275191591.28
2009-06-30,CNY,12216812426.32,7795808371.21,3256220582.65,,197165976.94,3756937589.16,,4000000.0,,943800000.0,93737740.64,2796773646.4,,59902501.9,,,10000000.0,,,13166976369.08,9280857397.4,,39875502.54,896708844.5,69470701.02,2287572866.47,819595902.77,1374964415.72,223163166.9
2009-03-31,CNY,11896825659.31,7662321131.3,3222966302.98,,232222804.05,3728677824.9,,4000000.0,,943800000.0,191547177.25,3007496005.17,,56283240.37,,,10000000.0,,,12608007479.04,9141680742.69,,56118460.45,715183784.33,61047011.65,,673327881.16,1374964415.72,146428490.91
2008-12-31,CNY,12240750882.84,8093721891.16,3114567813.33,,205437703.84,3513436953.51,,4000000.0,,943800000.0,176680977.54,4250769540.4,,121289073.57,,,,,,11503418295.95,7924671271.03,,34825094.84,741638536.34,82601388.17,2192460152.74,582860996.7,1374964415.72,258848779.48
2008-09-30,CNY,9250435650.36,6402015794.54,2588105778.73,,137952289.42,3739014271.0,,4000000.0,,943800000.0,68169347.54,2182445187.52,,121894425.3,,,,,,10807004733.84,7274577877.24,,47344076.62,29936840.23,89917156.88,,1314894893.37,1375111415.72,217009921.48
2008-06-30,CNY,7750016910.27,5065871830.8,2443474684.34,,142642341.86,3526080172.43,,4000000.0,,943800000.0,49096749.72,1421462106.23,,74163740.54,,,,,,9854634976.47,6369380098.84,,47820451.06,6728563.87,89092773.84,1948793437.53,1197950992.31,1375001165.72,169948192.51
2008-03-31,CNY,8218538025.95,5564443319.29,2388248473.75,,159912880.05,3338338900.53,,4000000.0,,943800000.0,72160364.55,2270935661.45,,67839733.09,,,,,,9285941265.03,5950374457.86,,77785411.65,2194804.11,101816908.19,,1043792132.59,1375001165.72,178444675.82
2007-12-31,CNY,7904439590.62,4722706300.02,2304818947.92,,147453377.34,2577032249.83,,4000000.0,,943800000.0,52849560.43,2112616070.01,,59681964.5,,,,,,8368855770.44,5077020374.58,,46407153.34,639762311.82,86114253.52,1829303896.69,361516478.52,1374964415.72,134750014.51
2007-09-30,CNY,7108059526.75,4753385536.35,2100782615.33,,215391814.43,3086136003.24,,4000000.0,,943800000.0,36966481.41,3241296205.66,,58157974.63,,,,,,6952899324.33,3291064389.64,,68786878.85,4056810.58,31805579.48,,1207096398.72,1374898755.72,78256460.45
2007-06-30,CNY,7273932144.62,4809865056.16,2120021426.1,,244527373.87,2952999545.07,,4000000.0,,943800000.0,36799639.74,4007519794.2,,69880889.48,,,,,,6219411895.49,2550293482.95,,65189432.07,629243.95,96256039.76,1433953307.12,1074086870.21,1374878083.61,85560610.41
2007-03-31,CNY,7038019760.26,4655485481.29,2008331715.46,,298990598.13,2845284852.99,,4000000.0,,943800000.0,51325209.01,3994927819.66,,62111408.07,,,,,,5888376793.59,2247683074.8,,103831215.66,5226084.27,69985881.11,,1073527595.41,1374779593.61,67841281.26
2006-12-31,CNY,6768945709.31,4474221148.33,1980903106.21,,254000841.17,2801847870.11,,4000000.0,,943800000.0,170093497.96,3402941549.05,,41247749.99,,,0.0,,,6167852030.37,3124438547.34,,68347002.7,3144616.2,56675997.4,1225236582.44,989033918.02,1374449260.61,104433023.91
2006-09-30,CNY,6356038829.4,4083907788.34,1883507683.55,,311607187.53,2450389777.19,,10767452.71,,943800000.0,,3391384178.48,,74371691.4,,,0.0,,,5415044428.11,2058380373.47,,78798820.95,29101123.61,45825294.8,1020341351.7,1208808413.78,1374750770.61,70860943.21
2006-06-30,CNY,5536434622.63,3419099920.66,1855279898.31,,182474642.97,2263427977.05,,10387452.7,,943800000.0,,2741388243.54,,21723602.78,,,0.0,,,5058474356.14,1712637291.57,,68909631.17,15830509.64,59586527.93,1033311683.41,1042924430.55,1374285110.61,56652336.34
2006-03-31,CNY,5987397832.81,3975708186.88,1800160745.17,,133238511.24,2115638921.48,,10243017.33,,471900000.0,,2514741182.55,,44681505.44,,,0.0,,,5588295571.74,2114646547.62,,61221809.44,5682241.01,66722558.24,1022039210.58,943031845.61,1846185110.61,46741572.69
2005-12-31,CNY,6019520287.61,3891989433.53,1860549625.24,,203351190.41,2038076176.98,,10243017.33,,471900000.0,,2895201383.07,,30329177.02,,,0.0,,,5162395081.52,1665055777.74,,43685990.33,12385914.41,51244124.02,983720048.56,909890443.63,1846119450.61,70497512.35
2005-09-30,CNY,5172403302.99,3217007276.75,1684279669.85,,183371189.8,1904956898.72,,9838781.96,,471900000.0,,2311856854.68,,21384556.04,,,0.0,,,4765503347.03,1708963307.54,,40672843.72,8885528.61,71144267.86,747100253.62,974012522.41,1845673790.61,52043760.58
2005-06-30,CNY,4948039397.93,3065214770.19,1668181460.46,,145087051.9,1780876639.33,,9838781.96,,393250000.0,,2037078706.51,,1663140.34,,,0.0,,,4691837330.75,1487562486.74,,45101032.82,10016746.35,55856617.92,706978675.52,929053724.75,1924023790.61,41815125.1
2005-03-31,CNY,4886452213.84,3024925341.38,1640412382.35,,158535948.16,1685409788.29,,9627405.13,,393250000.0,,1970912838.14,,37176128.24,,,300000.0,,,4600649163.99,1375914951.63,,28773108.71,7780206.8,51292931.18,720960317.38,849288036.95,1923937320.54,62360963.52
2004-12-31,CNY,4772638507.8,2898327418.85,1693741195.11,,146652270.58,1601014475.77,,9815063.73,,393250000.0,,2156645236.84,,35782831.8,,,300000.0,300000.0,,4216707746.73,1006775560.89,,31277360.66,4744646.4,29172976.86,717873157.08,776047024.87,1923937320.54,47558937.0
2004-09-30,CNY,4165118321.11,2419288966.46,1516497795.85,,171379854.55,1463570659.45,,4000000.0,,393250000.0,,1727914614.43,,29554677.23,,,300000.0,,,3900474366.13,1122584115.97,,42938727.75,7209175.58,48728659.77,652637036.6,733384383.46,1923800640.54,36447084.61
2004-06-30,CNY,3642312515.93,2172790156.59,1318555940.24,,91827223.47,1398793760.26,,4000000.0,,275000000.0,,1223660980.51,,25711328.1,,,300000.0,,,3817145295.68,983599159.49,,29019562.67,9198150.34,47259374.1,654111606.82,675660352.39,2014484980.54,28918630.64
2004-03-31,CNY,3522858526.96,2091330580.11,1279320067.02,,77054136.95,1332300138.56,,4000000.0,,275000000.0,,1127064171.48,,18026442.38,,,300000.0,,,3727794494.04,899399260.29,,22935426.95,11433268.53,49557977.35,647038331.05,637644833.06,2014484980.54,23767728.2
2003-12-31,CNY,3756029033.92,2340047386.85,1215006621.05,,74026438.87,1200336776.93,,4000000.0,,302500000.0,,1485541719.92,,40004706.01,,,300000.0,,,3470524090.93,697765263.59,,27486075.27,6176790.79,119865787.9,443205169.61,721652502.1,2014484980.54,31381618.39
2003-09-30,CNY,3300783898.4,1868792963.71,1215900105.02,,101824285.15,1165910893.28,,4000000.0,,275000000.0,,1235178166.34,,45095250.13,,,0.0,,,3231516625.34,575940966.96,,30028932.35,5424392.38,100482020.21,438614216.59,697188715.03,2014419320.54,24687926.82
2003-06-30,CNY,2847576931.62,1536249315.64,1203247938.14,,53056233.63,1092933336.08,,4000000.0,,275000000.0,,815737095.16,,30349687.07,,,0.0,,,3124773172.54,474604497.83,,32813851.63,3096295.69,39505064.74,447424220.01,617706515.55,2014386490.54,19341187.83
2003-03-31,CNY,2883969536.4,1684957738.56,1045879054.34,,65198287.53,1019774319.86,,4000000.0,,275000000.0,,803271179.95,,92997296.13,,,0.0,,,3100472676.31,505853609.79,,59698287.53,31437389.69,41010360.69,456224627.48,536385132.75,2014320830.54,30018150.66
2002-12-31,CNY,2991256359.47,1780307690.64,1076612588.52,,79752540.01,939648707.25,,4000000.0,,275000000.0,,1056171094.03,,24208759.65,,,0.0,,,2874733972.69,287721821.69,,42735776.91,6120132.5,45195662.66,472490025.47,442903497.33,2014320830.54,22503488.42
2002-09-30,CNY,2836827322.82,1677224920.04,1021098759.08,,75437038.56,859601030.66,,4000000.0,,250000000.0,,838624003.01,,46612121.45,,,0.0,,,2857804350.47,323418256.07,,69269778.56,4912526.11,47097802.98,449899284.75,389477083.1,2039255170.54,17572455.67
2002-06-30,CNY,2672385302.02,1513800289.83,1011422579.27,,88387996.7,748821426.96,,4000000.0,,250000000.0,,637153988.2,,22218060.29,,,0.0,,,2784052740.78,252443665.06,,41917386.7,3978615.9,39558251.94,455334087.95,273149253.4,2039255170.54,14795436.99
2002-03-31,CNY,2838318928.77,1877929846.09,819827003.18,,84590035.71,611201680.95,,,,250000000.0,,698058233.12,,23806561.09,,,0.0,,,2751462376.6,284561899.63,,67909035.71,6243525.1,28157899.1,411950196.27,184181516.45,2039221850.54,14066109.31
2001-12-31,CNY,2869925290.7,1956436570.1,786368826.81,,58440450.37,593463444.28,,,,250000000.0,,925757031.17,,10084988.04,,,0.0,,,2537631703.81,78113637.14,,46700450.37,3011768.4,33320706.81,416631233.51,162048784.65,2039189510.54,6716039.01
2001-06-30,CNY,1011105602.63,336439213.5,575547814.28,,76640451.93,203349614.99,,,,185000000.0,,642491805.84,109000000.0,31911863.66,,,0.0,,,561545403.24,172340372.66,,45485831.93,2365520.34,12899599.0,177835639.07,,89470324.02,
2000-12-31,CNY,1069969911.36,460983583.46,512332818.61,,52906779.45,198886333.54,,,,185000000.0,,823531919.0,129000000.0,29849878.67,,,0.0,,,445324325.9,106865617.66,,50406779.45,15247081.7,10044273.67,180320389.09,5776136.63,88432681.62,1358890.07
1999-12-31,CNY,720079304.47,198390615.12,423401102.17,,72172350.62,194977652.85,,,,185000000.0,,629695102.09,117100000.0,30919891.95,,,0.0,,,285361855.23,5763120.42,,58760152.62,8745548.24,16920539.6,184936865.9,25290.0,88432681.62,
1998-12-31,CNY,520907601.75,124765368.74,316665851.53,,29350910.0,220941379.8,,,,,,447397453.57,147000000.0,25626956.39,,,60360000.0,60360000.0,,234091527.98,,,29350910.0,10516948.13,43237967.21,213023445.35,,,
