timestamp,open,high,low,close,volume,pct_change,ma5,ma10,ma20
2024-01-02 00:00:00+08:00,6.63,6.65,6.6,6.6,22066700,,,,
2024-01-03 00:00:00+08:00,6.59,6.65,6.59,6.64,18203654,0.60606060606061,,,
2024-01-04 00:00:00+08:00,6.64,6.67,6.55,6.62,28885978,-0.3012048192771011,,,
2024-01-05 00:00:00+08:00,6.6,6.76,6.59,6.68,44421387,0.9063444108761365,,,
2024-01-08 00:00:00+08:00,6.68,6.71,6.56,6.59,37520337,-1.3473053892215536,6.6259999999999994,,
2024-01-09 00:00:00+08:00,6.6,6.64,6.54,6.61,30741897,0.3034901365705611,6.628,,
2024-01-10 00:00:00+08:00,6.61,6.63,6.57,6.57,22240946,-0.605143721633894,6.614,,
2024-01-11 00:00:00+08:00,6.56,6.59,6.52,6.53,35914708,-0.60882800608828,6.596000000000001,,
2024-01-12 00:00:00+08:00,6.52,6.56,6.5,6.5,34624053,-0.45941807044410643,6.56,,
2024-01-15 00:00:00+08:00,6.5,6.54,6.47,6.51,28694155,0.15384615384614886,6.544,6.584999999999999,
2024-01-16 00:00:00+08:00,6.49,6.6,6.49,6.59,53186496,1.228878648233489,6.540000000000001,6.5840000000000005,
2024-01-17 00:00:00+08:00,6.58,6.62,6.52,6.53,48249869,-0.9104704097116834,6.532000000000001,6.573,
2024-01-18 00:00:00+08:00,6.53,6.58,6.36,6.56,73994422,0.45941807044409533,6.537999999999999,6.567,
2024-01-19 00:00:00+08:00,6.52,6.62,6.47,6.59,57640079,0.45731707317073766,6.556,6.558,
2024-01-22 00:00:00+08:00,6.58,6.67,6.53,6.59,67173480,0.0,6.572,6.558,
2024-01-23 00:00:00+08:00,6.58,6.65,6.5,6.62,33298531,0.4552352048558417,6.578,6.559,
2024-01-24 00:00:00+08:00,6.64,6.73,6.6,6.71,53746498,1.3595166163141936,6.614,6.572999999999999,
2024-01-25 00:00:00+08:00,6.73,6.8,6.7,6.77,50256871,0.8941877794336861,6.656000000000001,6.5969999999999995,
2024-01-26 00:00:00+08:00,6.78,6.91,6.75,6.87,70997933,1.4771048744461002,6.712000000000001,6.633999999999999,
2024-01-29 00:00:00+08:00,6.86,6.97,6.85,6.9,55269921,0.4366812227074357,6.773999999999999,6.673,6.6290000000000004
2024-01-30 00:00:00+08:00,6.9,6.95,6.82,6.83,40737046,-1.0144927536231974,6.816,6.697,6.6405
2024-01-31 00:00:00+08:00,6.81,6.88,6.74,6.83,45661999,0.0,6.840000000000001,6.726999999999999,6.65
2024-02-01 00:00:00+08:00,6.83,6.88,6.78,6.8,44252421,-0.43923865300147247,6.846000000000001,6.7509999999999994,6.659000000000001
2024-02-02 00:00:00+08:00,6.82,6.92,6.72,6.84,59482913,0.588235294117645,6.840000000000001,6.776000000000001,6.667
2024-02-05 00:00:00+08:00,6.84,6.92,6.76,6.89,82713695,0.7309941520467822,6.837999999999999,6.806,6.682
2024-02-06 00:00:00+08:00,6.89,7.0,6.86,7.0,71683218,1.59651669085632,6.872,6.843999999999999,6.7015
2024-02-07 00:00:00+08:00,7.02,7.03,6.85,6.94,83731296,-0.8571428571428563,6.894,6.867,6.720000000000001
2024-02-08 00:00:00+08:00,6.95,6.97,6.82,6.96,67164744,0.28818443804032867,6.926,6.886,6.741499999999999
2024-02-19 00:00:00+08:00,6.98,7.13,6.95,7.12,57869788,2.298850574712641,6.981999999999999,6.911,6.772499999999999
2024-02-20 00:00:00+08:00,7.13,7.15,7.06,7.1,32408954,-0.2808988764045006,7.023999999999999,6.931,6.802
2024-02-21 00:00:00+08:00,7.11,7.32,7.09,7.24,58809554,1.9718309859154903,7.072,6.9719999999999995,6.8345
2024-02-22 00:00:00+08:00,7.24,7.27,7.18,7.21,33665209,-0.4143646408839796,7.126,7.01,6.8685
2024-02-23 00:00:00+08:00,7.21,7.33,7.2,7.28,37939600,0.9708737864077666,7.19,7.058,6.9045000000000005
2024-02-26 00:00:00+08:00,7.26,7.28,7.09,7.1,42483070,-2.472527472527486,7.186,7.0840000000000005,6.93
2024-02-27 00:00:00+08:00,7.07,7.15,7.06,7.14,24862246,0.5633802816901401,7.194,7.109,6.957499999999999
2024-02-28 00:00:00+08:00,7.12,7.16,7.08,7.1,35826714,-0.5602240896358524,7.1659999999999995,7.119,6.9815
2024-02-29 00:00:00+08:00,7.11,7.17,7.09,7.15,34288217,0.7042253521126751,7.153999999999999,7.140000000000001,7.0035
2024-03-01 00:00:00+08:00,7.13,7.16,7.1,7.11,29431801,-0.5594405594405605,7.119999999999999,7.154999999999999,7.0205
2024-03-04 00:00:00+08:00,7.12,7.12,7.05,7.07,27855963,-0.5625879043600568,7.114,7.15,7.030499999999999
2024-03-05 00:00:00+08:00,7.05,7.18,7.04,7.16,41756232,1.2729844413012614,7.118,7.156000000000001,7.043499999999999
2024-03-06 00:00:00+08:00,7.17,7.22,7.12,7.12,25918749,-0.5586592178770999,7.122,7.144,7.058
2024-03-07 00:00:00+08:00,7.12,7.2,7.11,7.14,24690348,0.2808988764044784,7.12,7.136999999999999,7.0735
2024-03-08 00:00:00+08:00,7.12,7.17,7.11,7.12,19861794,-0.2801120448179262,7.122,7.1209999999999996,7.089500000000001
2024-03-11 00:00:00+08:00,7.13,7.17,7.06,7.11,26195498,-0.1404494382022392,7.13,7.122,7.103
2024-03-12 00:00:00+08:00,7.11,7.15,7.08,7.1,29030476,-0.14064697609001975,7.118,7.118,7.113499999999999
2024-03-13 00:00:00+08:00,7.12,7.12,7.03,7.04,25948461,-0.8450704225352101,7.101999999999999,7.112,7.1155
2024-03-14 00:00:00+08:00,7.04,7.09,7.03,7.04,18703556,0.0,7.081999999999999,7.101000000000001,7.1205
2024-03-15 00:00:00+08:00,7.04,7.09,7.03,7.09,29599544,0.7102272727272707,7.0760000000000005,7.098999999999999,7.127000000000001
2024-03-18 00:00:00+08:00,7.06,7.13,7.06,7.09,26558472,0.0,7.072,7.101000000000001,7.125500000000001
2024-03-19 00:00:00+08:00,7.08,7.08,7.01,7.01,22848715,-1.128349788434413,7.053999999999999,7.086,7.121
2024-03-20 00:00:00+08:00,7.01,7.06,6.98,7.03,19542993,0.28530670470756636,7.052,7.077,7.1105
2024-03-21 00:00:00+08:00,7.06,7.13,7.03,7.1,41924870,0.9957325746799306,7.064,7.073,7.1049999999999995
2024-03-22 00:00:00+08:00,7.08,7.12,6.96,7.04,35960453,-0.8450704225352101,7.053999999999999,7.065,7.092999999999999
2024-03-25 00:00:00+08:00,7.06,7.09,7.01,7.06,24439536,0.28409090909089496,7.048,7.06,7.090999999999999
2024-03-26 00:00:00+08:00,7.09,7.15,7.07,7.15,35111522,1.2747875354107707,7.0760000000000005,7.065,7.091500000000001
2024-03-27 00:00:00+08:00,7.14,7.23,7.11,7.17,41943066,0.2797202797202747,7.103999999999999,7.078,7.094999999999999
2024-03-28 00:00:00+08:00,7.19,7.2,7.11,7.17,34535966,0.0,7.118,7.090999999999999,7.096000000000001
2024-03-29 00:00:00+08:00,7.13,7.19,7.11,7.13,18138885,-0.557880055788007,7.136,7.095000000000001,7.0969999999999995
2024-04-01 00:00:00+08:00,7.15,7.24,7.14,7.23,36028832,1.4025245441795287,7.17,7.109,7.1049999999999995
2024-04-02 00:00:00+08:00,7.24,7.31,7.22,7.27,35095170,0.5532503457814641,7.194,7.135,7.1105
2024-04-03 00:00:00+08:00,7.23,7.28,7.19,7.23,25254107,-0.5502063273727487,7.206,7.154999999999999,7.116
2024-04-08 00:00:00+08:00,7.23,7.32,7.19,7.28,32764493,0.6915629322268302,7.228,7.173,7.122999999999999
2024-04-09 00:00:00+08:00,7.29,7.32,7.25,7.26,20335543,-0.27472527472528485,7.254,7.1949999999999985,7.13
2024-04-10 00:00:00+08:00,7.26,7.33,7.23,7.27,22436726,0.13774104683195176,7.2620000000000005,7.216000000000001,7.138
2024-04-11 00:00:00+08:00,7.23,7.28,7.19,7.24,25364241,-0.4126547455295615,7.256,7.225,7.1450000000000005
2024-04-12 00:00:00+08:00,7.2,7.26,7.12,7.13,32809731,-1.5193370165745845,7.236,7.220999999999999,7.149499999999999
2024-04-15 00:00:00+08:00,7.12,7.3,7.12,7.3,48310304,2.384291725105192,7.24,7.234,7.1625
2024-04-16 00:00:00+08:00,7.25,7.32,7.21,7.26,40203325,-0.5479452054794498,7.239999999999999,7.247,7.170999999999999
2024-04-17 00:00:00+08:00,7.26,7.35,7.18,7.34,43151857,1.1019283746556585,7.254,7.258,7.1834999999999996
2024-04-18 00:00:00+08:00,7.34,7.46,7.31,7.33,46822476,-0.13623978201634523,7.272,7.264,7.1995000000000005
2024-04-19 00:00:00+08:00,7.32,7.4,7.26,7.34,38004160,0.13642564802183177,7.314,7.275,7.214999999999999
2024-04-22 00:00:00+08:00,7.36,7.43,7.28,7.29,32694690,-0.6811989100817373,7.312,7.275999999999999,7.224500000000001
2024-04-23 00:00:00+08:00,7.32,7.4,7.25,7.34,44055644,0.6858710562414272,7.328,7.284000000000001,7.239500000000001
2024-04-24 00:00:00+08:00,7.38,7.4,7.3,7.36,24758859,0.2724795640327127,7.331999999999999,7.292999999999999,7.2545
2024-04-25 00:00:00+08:00,7.33,7.42,7.31,7.41,24676934,0.6793478260869623,7.348000000000001,7.31,7.2675
2024-04-26 00:00:00+08:00,7.41,7.48,7.35,7.42,45846571,0.13495276653170407,7.364,7.339,7.280000000000001
2024-04-29 00:00:00+08:00,7.39,7.52,7.3,7.42,39317757,0.0,7.390000000000001,7.350999999999999,7.2924999999999995
2024-04-30 00:00:00+08:00,7.58,7.84,7.56,7.7,105472788,3.7735849056603765,7.462000000000001,7.3950000000000005,7.321000000000001
2024-05-06 00:00:00+08:00,7.82,7.89,7.75,7.85,85937325,1.9480519480519431,7.56,7.446,7.352000000000001
2024-05-07 00:00:00+08:00,7.85,7.86,7.72,7.82,46269505,-0.3821656050955302,7.642,7.495,7.3795
2024-05-08 00:00:00+08:00,7.81,7.85,7.78,7.8,30377893,-0.2557544757033292,7.718000000000001,7.5409999999999995,7.408000000000001
2024-05-09 00:00:00+08:00,7.8,7.85,7.76,7.8,33942090,0.0,7.794,7.5920000000000005,7.434
2024-05-10 00:00:00+08:00,7.81,7.95,7.8,7.94,52211612,1.7948717948718107,7.8420000000000005,7.651999999999999,7.467999999999999
2024-05-13 00:00:00+08:00,7.93,7.98,7.87,7.96,40422120,0.25188916876572875,7.864,7.712000000000001,7.5025
2024-05-14 00:00:00+08:00,7.97,7.98,7.86,7.88,39843641,-1.005025125628145,7.8759999999999994,7.759,7.5344999999999995
2024-05-15 00:00:00+08:00,7.9,7.93,7.84,7.89,31039103,0.12690355329949554,7.894,7.806,7.572500000000001
2024-05-16 00:00:00+08:00,7.92,8.05,7.88,8.02,60658707,1.6476552598225558,7.938,7.866,7.608499999999999
2024-05-17 00:00:00+08:00,8.04,8.16,8.0,8.16,69438051,1.7456359102244523,7.981999999999999,7.912000000000001,7.653499999999999
2024-05-20 00:00:00+08:00,8.2,8.35,8.15,8.32,88144991,1.9607843137254832,8.053999999999998,7.9590000000000005,7.702500000000001
2024-05-21 00:00:00+08:00,8.31,8.42,8.26,8.42,53146295,1.2019230769230616,8.162,8.019,7.757
2024-05-22 00:00:00+08:00,8.41,8.62,8.38,8.53,71173213,1.306413301662701,8.290000000000001,8.092,7.8165000000000004
2024-05-23 00:00:00+08:00,8.52,8.6,8.48,8.52,61212293,-0.11723329425556983,8.389999999999999,8.164,7.878
2024-05-24 00:00:00+08:00,8.51,8.59,8.41,8.44,60740601,-0.9389671361502372,8.446000000000002,8.214,7.933
2024-05-27 00:00:00+08:00,8.45,8.56,8.43,8.54,52858689,1.1848341232227444,8.49,8.272,7.992
2024-05-28 00:00:00+08:00,8.58,8.64,8.51,8.54,40047322,0.0,8.514,8.338,8.0485
2024-05-29 00:00:00+08:00,8.53,8.59,8.45,8.49,40802385,-0.5854800936768045,8.505999999999998,8.398,8.102
2024-05-30 00:00:00+08:00,8.47,8.55,8.36,8.4,56701595,-1.0600706713780883,8.482,8.436,8.151
2024-05-31 00:00:00+08:00,8.45,8.45,8.31,8.34,53797304,-0.7142857142857229,8.462,8.453999999999999,8.182999999999998
2024-06-03 00:00:00+08:00,8.3,8.33,8.19,8.28,60213694,-0.7194244604316613,8.41,8.45,8.2045
2024-06-04 00:00:00+08:00,8.28,8.34,8.23,8.32,39800453,0.48309178743961567,8.366000000000001,8.44,8.2295
2024-06-05 00:00:00+08:00,8.33,8.34,8.26,8.29,31295787,-0.36057692307693845,8.326,8.416,8.254
2024-06-06 00:00:00+08:00,8.31,8.35,8.24,8.25,34149589,-0.4825090470446214,8.296000000000001,8.389,8.2765
2024-06-07 00:00:00+08:00,8.32,8.38,8.2,8.31,41451677,0.727272727272732,8.290000000000001,8.376000000000001,8.295
2024-06-11 00:00:00+08:00,8.34,8.36,8.11,8.15,41132394,-1.9253910950661868,8.264,8.337,8.3045
2024-06-12 00:00:00+08:00,8.15,8.17,8.04,8.11,38617741,-0.4907975460122782,8.222,8.294,8.315999999999999
2024-06-13 00:00:00+08:00,8.1,8.2,8.09,8.13,40433704,0.2466091245376223,8.190000000000001,8.258,8.328
2024-06-14 00:00:00+08:00,8.1,8.18,7.99,8.14,44463016,0.12300123001229846,8.168000000000001,8.232000000000001,8.334
2024-06-17 00:00:00+08:00,8.15,8.16,8.03,8.1,36278423,-0.49140049140050657,8.126,8.208,8.331
2024-06-18 00:00:00+08:00,8.1,8.15,8.02,8.09,32876191,-0.12345679012345512,8.114,8.189,8.3195
2024-06-19 00:00:00+08:00,8.1,8.26,8.09,8.22,40605109,1.6069221260816002,8.136,8.179,8.3095
2024-06-20 00:00:00+08:00,8.18,8.26,8.15,8.2,25662317,-0.24330900243311193,8.15,8.17,8.293
2024-06-21 00:00:00+08:00,8.2,8.23,8.12,8.17,40011366,-0.3658536585365746,8.155999999999999,8.162,8.2755
2024-06-24 00:00:00+08:00,8.19,8.2,8.03,8.15,37046666,-0.244798041615657,8.166,8.145999999999999,8.261
2024-06-25 00:00:00+08:00,8.18,8.25,8.09,8.2,39818093,0.6134969325153339,8.187999999999999,8.151,8.244
2024-06-26 00:00:00+08:00,8.2,8.23,8.13,8.21,33563736,0.12195121951221743,8.186,8.161000000000001,8.227500000000001
2024-06-27 00:00:00+08:00,8.21,8.3,8.13,8.22,44561528,0.12180267965895553,8.190000000000001,8.17,8.214
2024-06-28 00:00:00+08:00,8.22,8.29,8.17,8.23,37799680,0.12165450121655041,8.202000000000002,8.178999999999998,8.205499999999999
2024-07-01 00:00:00+08:00,8.22,8.3,8.2,8.28,28732962,0.6075334143377686,8.228,8.197,8.202499999999999
2024-07-02 00:00:00+08:00,8.27,8.54,8.27,8.53,57345810,3.0193236714975757,8.294,8.241,8.215
2024-07-03 00:00:00+08:00,8.53,8.6,8.48,8.53,46409668,0.0,8.358,8.272,8.2255
2024-07-04 00:00:00+08:00,8.59,8.63,8.48,8.5,44412066,-0.3516998827666984,8.414,8.302,8.236
2024-07-05 00:00:00+08:00,8.54,8.55,8.29,8.34,51997018,-1.8823529411764683,8.435999999999998,8.318999999999999,8.2405
2024-07-08 00:00:00+08:00,8.34,8.49,8.26,8.43,45320796,1.0791366906474753,8.466,8.347,8.246500000000001
2024-07-09 00:00:00+08:00,8.47,8.66,8.41,8.64,54534187,2.491103202846978,8.488,8.391,8.270999999999999
2024-07-10 00:00:00+08:00,8.64,8.72,8.6,8.69,40604560,0.578703703703698,8.52,8.438999999999998,8.3
2024-07-11 00:00:00+08:00,8.71,8.73,8.56,8.6,34946181,-1.0356731875719172,8.540000000000001,8.477,8.3235
2024-07-12 00:00:00+08:00,8.63,8.85,8.61,8.84,57267692,2.7906976744185963,8.639999999999999,8.538,8.3585
2024-07-15 00:00:00+08:00,8.83,8.91,8.8,8.88,46191487,0.452488687782826,8.73,8.598,8.397499999999999
2024-07-16 00:00:00+08:00,8.87,8.95,8.82,8.86,44680322,-0.22522522522524513,8.774000000000001,8.631,8.436
2024-07-17 00:00:00+08:00,8.9,9.07,8.86,9.04,88119289,2.0316027088036037,8.844,8.681999999999999,8.477
2024-07-18 00:00:00+08:00,8.75,8.78,8.61,8.77,66209504,-2.986725663716805,8.878,8.709,8.505500000000001
2024-07-19 00:00:00+08:00,8.79,8.79,8.62,8.73,61941334,-0.45610034207524963,8.856,8.748,8.5335
2024-07-22 00:00:00+08:00,8.71,8.73,8.52,8.58,63228917,-1.718213058419249,8.796,8.763,8.555
2024-07-23 00:00:00+08:00,8.62,8.69,8.59,8.59,41181512,0.11655011655011815,8.741999999999999,8.758,8.5745
2024-07-24 00:00:00+08:00,8.61,8.68,8.54,8.55,37551729,-0.4656577415599439,8.644,8.744,8.5915
2024-07-25 00:00:00+08:00,8.58,8.58,8.32,8.52,60156087,-0.35087719298246833,8.594,8.736,8.6065
2024-07-26 00:00:00+08:00,8.48,8.52,8.24,8.33,49358978,-2.230046948356801,8.514,8.685,8.6115
2024-07-29 00:00:00+08:00,8.33,8.57,8.3,8.53,46463848,2.4009603841536498,8.504,8.65,8.623999999999999
2024-07-30 00:00:00+08:00,8.54,8.54,8.36,8.39,40584273,-1.6412661195779443,8.463999999999999,8.603,8.617
2024-07-31 00:00:00+08:00,8.45,8.46,8.35,8.4,43429641,0.11918951132299238,8.434000000000001,8.539,8.6105
2024-08-01 00:00:00+08:00,8.4,8.61,8.34,8.57,54560150,2.0238095238095166,8.444,8.519,8.614
2024-08-02 00:00:00+08:00,8.56,8.6,8.4,8.47,31361531,-1.1668611435239118,8.472,8.493,8.6205
2024-08-05 00:00:00+08:00,8.47,8.52,8.35,8.38,41178838,-1.0625737898465104,8.442,8.472999999999999,8.617999999999999
2024-08-06 00:00:00+08:00,8.43,8.45,8.19,8.24,41604073,-1.670644391408116,8.412,8.438,8.598
2024-08-07 00:00:00+08:00,8.23,8.37,8.22,8.31,26542223,0.8495145631068013,8.394,8.414000000000001,8.579
2024-08-08 00:00:00+08:00,8.36,8.45,8.29,8.38,27669055,0.8423586040914532,8.356,8.4,8.568000000000001
2024-08-09 00:00:00+08:00,8.41,8.6,8.41,8.53,39120101,1.7899761336515274,8.368,8.42,8.5525
2024-08-12 00:00:00+08:00,8.51,8.63,8.49,8.58,29249959,0.5861664712778492,8.408,8.425,8.5375
2024-08-13 00:00:00+08:00,8.56,8.67,8.54,8.59,27211550,0.11655011655011815,8.478,8.445,8.524
2024-08-14 00:00:00+08:00,8.63,8.65,8.54,8.57,21145686,-0.2328288707799664,8.530000000000001,8.462,8.5005
2024-08-15 00:00:00+08:00,8.51,8.75,8.51,8.74,45066216,1.9836639439906545,8.602,8.479000000000001,8.498999999999999
2024-08-16 00:00:00+08:00,8.74,8.86,8.7,8.85,37566933,1.258581235697931,8.666,8.517,8.505
2024-08-19 00:00:00+08:00,8.86,9.03,8.84,9.02,58937989,1.9209039548022666,8.754,8.581,8.527
2024-08-20 00:00:00+08:00,9.01,9.07,8.88,8.91,50188819,-1.2195121951219412,8.818,8.648,8.543
2024-08-21 00:00:00+08:00,8.91,9.04,8.82,8.96,43628079,0.561167227833903,8.895999999999999,8.713,8.563500000000001
2024-08-22 00:00:00+08:00,8.96,9.07,8.93,9.01,36264260,0.5580357142856984,8.95,8.776,8.588
2024-08-23 00:00:00+08:00,9.01,9.04,8.9,9.0,31698749,-0.11098779134295356,8.98,8.823,8.621500000000001
2024-08-26 00:00:00+08:00,9.0,9.0,8.83,8.88,51444628,-1.3333333333333197,8.952,8.853,8.639000000000001
2024-08-27 00:00:00+08:00,8.87,8.94,8.82,8.88,30683375,0.0,8.946000000000002,8.882,8.6635
2024-08-28 00:00:00+08:00,8.92,8.93,8.76,8.82,32528523,-0.6756756756756799,8.918000000000001,8.907,8.6845
2024-08-29 00:00:00+08:00,8.82,8.83,8.53,8.55,50949648,-3.0612244897959107,8.826,8.888,8.6835
2024-08-30 00:00:00+08:00,8.54,8.62,8.38,8.43,68354443,-1.40350877192984,8.712,8.846,8.6815
2024-09-02 00:00:00+08:00,8.37,8.5,8.35,8.39,42178596,-0.47449584816131596,8.614,8.783000000000001,8.682
2024-09-03 00:00:00+08:00,8.38,8.43,8.2,8.25,41257157,-1.6686531585220599,8.488,8.717000000000002,8.682500000000001
2024-09-04 00:00:00+08:00,8.29,8.37,8.23,8.32,34187190,0.848484848484854,8.388,8.653,8.683
2024-09-05 00:00:00+08:00,8.38,8.41,8.23,8.32,36176713,0.0,8.342,8.584,8.68
2024-09-06 00:00:00+08:00,8.33,8.51,8.32,8.43,32293701,1.3221153846153744,8.342,8.527,8.675
2024-09-09 00:00:00+08:00,8.44,8.47,8.32,8.38,34290373,-0.5931198102016477,8.34,8.477,8.665000000000001
2024-09-10 00:00:00+08:00,8.38,8.53,8.29,8.5,39694136,1.4319809069212264,8.39,8.439000000000002,8.6605
2024-09-11 00:00:00+08:00,8.48,8.49,8.21,8.25,29395961,-2.941176470588236,8.376000000000001,8.382,8.644499999999999
2024-09-12 00:00:00+08:00,8.21,8.49,8.19,8.47,43128108,2.666666666666684,8.406,8.374,8.631
2024-09-13 00:00:00+08:00,8.5,8.51,8.32,8.35,28411141,-1.416765053128699,8.39,8.366,8.606
2024-09-18 00:00:00+08:00,8.35,8.45,8.26,8.32,20139428,-0.3592814371257358,8.378,8.359,8.571000000000002
2024-09-19 00:00:00+08:00,8.37,8.53,8.3,8.52,39163824,2.4038461538461453,8.382,8.386,8.5515
2024-09-20 00:00:00+08:00,8.49,8.57,8.43,8.51,42872330,-0.11737089201877549,8.434000000000001,8.405,8.529
2024-09-23 00:00:00+08:00,8.53,8.65,8.46,8.63,30023895,1.4101057579318566,8.466,8.436,8.510000000000002
2024-09-24 00:00:00+08:00,8.75,9.09,8.66,9.09,89208035,5.330243337195828,8.614,8.502,8.514500000000002
2024-09-25 00:00:00+08:00,9.27,9.55,9.25,9.49,119063522,4.4004400440043945,8.848,8.613000000000001,8.545
2024-09-26 00:00:00+08:00,9.5,9.84,9.43,9.84,89839005,3.688092729188619,9.111999999999998,8.747,8.593
2024-09-27 00:00:00+08:00,9.99,10.08,9.6,9.87,57039467,0.304878048780477,9.384,8.908999999999999,8.6455
2024-09-30 00:00:00+08:00,10.06,10.29,9.82,10.13,188375605,2.63424518743669,9.684000000000001,9.075,8.724499999999999
2024-10-08 00:00:00+08:00,10.88,11.02,10.2,10.5,192133102,3.652517275419531,9.966,9.290000000000001,8.828
2024-10-09 00:00:00+08:00,10.5,10.5,9.91,9.91,116072715,-5.619047619047612,10.05,9.449000000000002,8.904
2024-10-10 00:00:00+08:00,10.06,10.49,10.05,10.31,101639927,4.036326942482349,10.144,9.628,9.007
2024-10-11 00:00:00+08:00,10.37,10.52,10.02,10.16,58937652,-1.4548981571290032,10.202,9.793000000000001,9.099
2024-10-14 00:00:00+08:00,10.31,10.54,10.25,10.4,88307795,2.3622047244094446,10.256,9.97,9.203
2024-10-15 00:00:00+08:00,10.45,10.53,10.25,10.25,62939733,-1.4423076923076983,10.206,10.086000000000002,9.294
2024-10-16 00:00:00+08:00,10.15,10.46,10.15,10.34,52614974,0.8780487804878057,10.292,10.171,9.392
2024-10-17 00:00:00+08:00,10.34,10.48,10.22,10.22,45576672,-1.1605415860734936,10.274000000000001,10.209,9.478
2024-10-18 00:00:00+08:00,10.18,10.33,10.02,10.15,62206282,-0.6849315068493178,10.272,10.237,9.573
2024-10-21 00:00:00+08:00,10.18,10.22,9.95,10.16,64523034,0.09852216748769127,10.224,10.239999999999998,9.6575
2024-10-22 00:00:00+08:00,10.16,10.27,10.01,10.13,42803387,-0.2952755905511695,10.2,10.203,9.746500000000001
2024-10-23 00:00:00+08:00,10.12,10.25,10.1,10.18,33566174,0.49358341559722074,10.168000000000001,10.23,9.8395
2024-10-24 00:00:00+08:00,10.12,10.25,10.12,10.14,24017341,-0.39292730844793233,10.152000000000001,10.213,9.9205
2024-10-25 00:00:00+08:00,10.14,10.2,10.07,10.08,28419908,-0.591715976331364,10.138000000000002,10.205,9.998999999999999
2024-10-28 00:00:00+08:00,10.1,10.1,9.95,10.06,31702745,-0.1984126984126977,10.118,10.171,10.0705
2024-10-29 00:00:00+08:00,10.01,10.15,9.97,9.99,34069864,-0.6958250497017926,10.09,10.145,10.1155
2024-10-30 00:00:00+08:00,9.99,10.12,9.91,9.94,42037416,-0.5005005005005114,10.041999999999998,10.105,10.138000000000002
2024-10-31 00:00:00+08:00,10.01,10.05,9.71,9.84,60021367,-1.0060362173038184,9.982,10.067000000000002,10.138000000000002
2024-11-01 00:00:00+08:00,9.86,10.0,9.77,9.94,43939258,1.0162601626016121,9.953999999999999,10.046000000000001,10.1415
2024-11-04 00:00:00+08:00,9.97,10.0,9.84,9.99,33773247,0.5030181086519203,9.94,10.029,10.1345
2024-11-05 00:00:00+08:00,9.97,10.06,9.91,10.06,41474815,0.700700700700696,9.954,10.022,10.1125
2024-11-06 00:00:00+08:00,10.04,10.14,9.9,9.95,74208723,-1.0934393638171058,9.956,9.999,10.114500000000001
2024-11-07 00:00:00+08:00,9.94,10.28,9.92,10.28,64397191,3.316582914572863,10.044,10.013,10.113000000000001
2024-11-08 00:00:00+08:00,10.33,10.36,10.03,10.06,53764728,-2.1400778210116655,10.068000000000001,10.011,10.108
2024-11-11 00:00:00+08:00,9.9,10.12,9.66,9.72,80000294,-3.379721669980118,10.014,9.977,10.074000000000002
2024-11-12 00:00:00+08:00,9.73,9.82,9.66,9.66,49682703,-0.6172839506172867,9.934000000000001,9.943999999999999,10.044500000000001
2024-11-13 00:00:00+08:00,9.63,9.74,9.6,9.63,43872201,-0.31055900621117516,9.870000000000001,9.913,10.009
2024-11-14 00:00:00+08:00,9.61,9.71,9.57,9.65,45451896,0.20768431983384517,9.744,9.894,9.980500000000001
2024-11-15 00:00:00+08:00,9.61,9.7,9.5,9.54,48821231,-1.1398963730570033,9.64,9.854,9.95
2024-11-18 00:00:00+08:00,9.65,10.1,9.64,9.83,100696552,3.039832285115307,9.662,9.838,9.9335
2024-11-19 00:00:00+08:00,9.85,10.05,9.67,9.79,73998208,-0.406917599186174,9.688,9.811,9.916500000000001
2024-11-20 00:00:00+08:00,9.77,9.85,9.69,9.71,45465799,-0.8171603677221473,9.704,9.786999999999999,9.893
2024-11-21 00:00:00+08:00,9.71,9.77,9.68,9.72,29612755,0.1029866117404632,9.718,9.731,9.872
2024-11-22 00:00:00+08:00,9.72,9.75,9.47,9.48,44359024,-2.4691358024691357,9.706,9.673,9.842
2024-11-25 00:00:00+08:00,9.61,9.61,9.31,9.33,60921995,-1.5822784810126667,9.606,9.633999999999999,9.8055
2024-11-26 00:00:00+08:00,9.32,9.33,9.22,9.31,48983389,-0.2143622722400762,9.51,9.599,9.7715
2024-11-27 00:00:00+08:00,9.31,9.47,9.18,9.43,43007443,1.2889366272824887,9.453999999999999,9.579,9.745999999999999
2024-11-28 00:00:00+08:00,9.49,9.54,9.33,9.44,39154733,0.10604453870626251,9.398,9.558,9.725999999999999
2024-11-29 00:00:00+08:00,9.52,9.61,9.43,9.46,46540742,0.21186440677967155,9.394000000000002,9.55,9.702
2024-12-02 00:00:00+08:00,9.45,9.5,9.37,9.49,46604260,0.3171247357293794,9.425999999999998,9.516000000000002,9.677000000000001
2024-12-03 00:00:00+08:00,9.46,9.65,9.41,9.65,41926355,1.6859852476290849,9.494,9.501999999999999,9.656500000000001
2024-12-04 00:00:00+08:00,9.65,9.78,9.55,9.75,51193385,1.0362694300518172,9.558000000000002,9.506,9.6465
2024-12-05 00:00:00+08:00,9.68,9.78,9.63,9.64,29173571,-1.1282051282051175,9.598,9.498000000000001,9.6145
2024-12-06 00:00:00+08:00,9.62,9.79,9.62,9.7,40629685,0.6224066390041472,9.645999999999999,9.52,9.5965
2024-12-09 00:00:00+08:00,9.65,9.75,9.63,9.66,32582928,-0.412371134020606,9.68,9.553,9.5935
2024-12-10 00:00:00+08:00,9.82,9.92,9.71,9.8,58338643,1.449275362318847,9.709999999999999,9.602,9.6005
2024-12-11 00:00:00+08:00,9.8,9.84,9.62,9.63,48762796,-1.734693877551019,9.686,9.622,9.6005
2024-12-12 00:00:00+08:00,9.65,9.82,9.59,9.82,49651526,1.9730010384215957,9.722,9.66,9.609
2024-12-13 00:00:00+08:00,9.76,9.8,9.6,9.66,67266875,-1.6293279022403295,9.714000000000002,9.680000000000001,9.615
2024-12-16 00:00:00+08:00,9.62,9.75,9.62,9.64,34183618,-0.20703933747411307,9.709999999999999,9.695,9.6055
2024-12-17 00:00:00+08:00,9.65,9.7,9.5,9.53,41185694,-1.141078838174281,9.656,9.683000000000002,9.5925
2024-12-18 00:00:00+08:00,9.56,9.68,9.51,9.54,39798741,0.10493179433368471,9.638,9.662,9.584
2024-12-19 00:00:00+08:00,9.51,9.56,9.42,9.53,42987772,-0.10482180293500676,9.58,9.651,9.5745
2024-12-20 00:00:00+08:00,9.57,9.72,9.55,9.58,49298094,0.5246589716684236,9.563999999999998,9.639,9.5795
2024-12-23 00:00:00+08:00,9.63,10.08,9.6,9.93,116444693,3.653444676409179,9.621999999999998,9.666,9.6095
2024-12-24 00:00:00+08:00,9.89,10.17,9.89,10.13,84438152,2.014098690835864,9.742,9.699,9.6505
2024-12-25 00:00:00+08:00,10.13,10.39,10.13,10.35,72739600,2.1717670286278246,9.904,9.770999999999999,9.6965
2024-12-26 00:00:00+08:00,10.35,10.39,10.16,10.34,61152236,-0.09661835748792091,10.065999999999999,9.822999999999999,9.7415
2024-12-27 00:00:00+08:00,10.33,10.39,10.12,10.36,69506374,0.19342359767891004,10.222,9.892999999999999,9.7865
2024-12-30 00:00:00+08:00,10.34,10.49,10.31,10.47,78477805,1.0617760617760652,10.330000000000002,9.975999999999999,9.8355
2024-12-31 00:00:00+08:00,10.43,10.56,10.28,10.29,57783443,-1.7191977077364085,10.362,10.052,9.8675
